Feature,Easting_X_m,Northing_Y_m
Channel mouth (CL),-2025.00,1750.00
Channel inner (CL),-25.00,1750.00
Turning basin centre,162.50,1750.00
Quay line origin,400.00,100.00
CONTAINER TERMINAL (SW corner),400.00,2350.00
CONTAINER TERMINAL (centre),700.00,2875.00
PASSENGER TERMINAL (SW corner),400.00,1960.00
PASSENGER TERMINAL (centre),700.00,2140.00
GENERAL CARGO WHARF (SW corner),400.00,1470.00
GENERAL CARGO WHARF (centre),700.00,1700.00
RO-RO BERTHS (SW corner),400.00,1110.00
RO-RO BERTHS (centre),700.00,1275.00
OIL TERMINAL (SW corner),400.00,300.00
OIL TERMINAL (centre),700.00,690.00
LIQUID BULK TERMINAL (TANK FARM) (SW corner),1120.00,2550.00
LIQUID BULK TERMINAL (TANK FARM) (centre),1500.00,2975.00
DRY BULK TERMINAL (SILOS) (SW corner),1120.00,1650.00
DRY BULK TERMINAL (SILOS) (centre),1500.00,2030.00
DRY DOCK (SW corner),1120.00,950.00
DRY DOCK (centre),1330.00,1250.00
REPAIR YARD (SW corner),1600.00,950.00
REPAIR YARD (centre),1740.00,1250.00
ECOSYSTEM ZONE / GREENSPACE (SW corner),1120.00,300.00
ECOSYSTEM ZONE / GREENSPACE (centre),1500.00,600.00
FUTURE EXPANSION AREA (SW corner),2020.00,300.00
FUTURE EXPANSION AREA (centre),2610.00,1850.00
